{
    "rmse": 0.8052261350453909,
    "mae": 0.0,
    "r2": 0.007829663256203268
}